Workbook

Sheet Лист1

Sheet obs
A1: 48.099998 | B1: 4 | C1: =AVERAGE(A1:A27) -> 151.7
A2: 49.950001 | B2: 5
A3: 42.549999 | B3: 7
A4: 37 | B4: 8
A5: 40.700001 | B5: 9
A6: 33.299999 | B6: 11
A7: 188.7 | B7: 19
A8: 153.55 | B8: 20
A9: 185 | B9: 21
A10: 418.10001 | B10: 22
A11: 251.60001 | B11: 23
A12: 170.2 | B12: 24
A13: 210.89999 | B13: 26
... A27: 68.449997 | B27: 48

Sheet 01.hydrol1dep1
A1: 245.9 | B1: =ABS(A1-obs!A1) -> 197.8 | C1: =AVERAGE(B:B) -> 153.08889 | D1: =CORREL(A1:A27,obs!A1:A27) -> -0.23432695 | E1: =AVERAGE(A1:A27) -> 227.03704 | F1: 65.701844 | G1: =ABS(F1-obs!A1) -> 17.601845 | H1: =AVERAGE(G:G) -> 41.256215 | I1: =CORREL(F1:F27,obs!A1:A27) -> 0.87096949 | J1: =AVERAGE(F1:F27) -> 128.22396
A2: 217.3 | B2: =ABS(A2-obs!A2) -> 167.35 | F2: 73.612945 | G2: =ABS(F2-obs!A2) -> 23.662944
A3: 270.9 | B3: =ABS(A3-obs!A3) -> 228.35 | F3: 55.635363 | G3: =ABS(F3-obs!A3) -> 13.085364
A4: 255.8 | B4: =ABS(A4-obs!A4) -> 218.8 | F4: 47.748033 | G4: =ABS(F4-obs!A4) -> 10.748033
A5: 244 | B5: =ABS(A5-obs!A5) -> 203.3 | F5: 54.479969 | G5: =ABS(F5-obs!A5) -> 13.779968
A6: 241.2 | B6: =ABS(A6-obs!A6) -> 207.9 | F6: 42.110944 | G6: =ABS(F6-obs!A6) -> 8.8109447
A7: 134.4 | B7: =ABS(A7-obs!A7) -> 54.299997 | F7: 153.73169 | G7: =ABS(F7-obs!A7) -> 34.968304
A8: 131.8 | B8: =ABS(A8-obs!A8) -> 21.750003 | F8: 142.49692 | G8: =ABS(F8-obs!A8) -> 11.053086
A9: 132.7 | B9: =ABS(A9-obs!A9) -> 52.3 | F9: 151.2682 | G9: =ABS(F9-obs!A9) -> 33.731805
A10: 139.3 | B10: =ABS(A10-obs!A10) -> 278.80001 | F10: 164.907 | G10: =ABS(F10-obs!A10) -> 253.19301
A11: 148.2 | B11: =ABS(A11-obs!A11) -> 103.40001 | F11: 169.58347 | G11: =ABS(F11-obs!A11) -> 82.016534
A12: 161 | B12: =ABS(A12-obs!A12) -> 9.1999969 | F12: 164.25381 | G12: =ABS(F12-obs!A12) -> 5.9461858
A13: 221.6 | B13: =ABS(A13-obs!A13) -> 10.700006 | F13: 217.85478 | G13: =ABS(F13-obs!A13) -> 6.9547878
... A27: 225.6 | B27: =ABS(A27-obs!A27) -> 157.15 | F27: 87.379177 | G27: =ABS(F27-obs!A27) -> 18.92918

Sheet 02.hydrol1dep2
A1: 182.4 | B1: =ABS(A1-obs!A1) -> 134.3 | C1: =AVERAGE(B:B) -> 120.0937 | D1: =CORREL(A1:A27,obs!A1:A27) -> -0.16467767 | E1: =AVERAGE(A1:A27) -> 173.67519
A2: 207.2 | B2: =ABS(A2-obs!A2) -> 157.25
A3: 204.3 | B3: =ABS(A3-obs!A3) -> 161.75
A4: 226.6 | B4: =ABS(A4-obs!A4) -> 189.6
A5: 237.8 | B5: =ABS(A5-obs!A5) -> 197.1
A6: 280.1 | B6: =ABS(A6-obs!A6) -> 246.8
A7: 166 | B7: =ABS(A7-obs!A7) -> 22.699997
A8: 171.2 | B8: =ABS(A8-obs!A8) -> 17.649997
A9: 164.6 | B9: =ABS(A9-obs!A9) -> 20.4
A10: 156.1 | B10: =ABS(A10-obs!A10) -> 262.00001
A11: 155.5 | B11: =ABS(A11-obs!A11) -> 96.100006
A12: 165.4 | B12: =ABS(A12-obs!A12) -> 4.7999969
A13: 218.2 | B13: =ABS(A13-obs!A13) -> 7.3000061
... A27: 138.3 | B27: =ABS(A27-obs!A27) -> 69.850003

Sheet 03.hydrol1dep3
A1: 230.7 | B1: =ABS(A1-obs!A1) -> 182.6 | C1: =AVERAGE(B:B) -> 173.65259 | D1: =CORREL(A1:A27,obs!A1:A27) -> -0.69003041 | E1: =AVERAGE(A1:A27) -> 168.54
A2: 218.7 | B2: =ABS(A2-obs!A2) -> 168.75
A3: 245.3 | B3: =ABS(A3-obs!A3) -> 202.75
A4: 231.5 | B4: =ABS(A4-obs!A4) -> 194.5
A5: 218.8 | B5: =ABS(A5-obs!A5) -> 178.1
A6: 205 | B6: =ABS(A6-obs!A6) -> 171.7
A7: 80.63 | B7: =ABS(A7-obs!A7) -> 108.07
A8: 84.39 | B8: =ABS(A8-obs!A8) -> 69.160003
A9: 78.5 | B9: =ABS(A9-obs!A9) -> 106.5
A10: 75.55 | B10: =ABS(A10-obs!A10) -> 342.55001
A11: 79.16 | B11: =ABS(A11-obs!A11) -> 172.44001
A12: 88.85 | B12: =ABS(A12-obs!A12) -> 81.349997
A13: 127.9 | B13: =ABS(A13-obs!A13) -> 82.999994
... A27: 236.3 | B27: =ABS(A27-obs!A27) -> 167.85

Sheet 04.hydrol1dep4
A1: 169.3 | B1: =ABS(A1-obs!A1) -> 121.2 | C1: =AVERAGE(B:B) -> 134.81926 | D1: =CORREL(A1:A27,obs!A1:A27) -> -0.69817766 | E1: =AVERAGE(A1:A27) -> 137.25481
A2: 160.7 | B2: =ABS(A2-obs!A2) -> 110.75
A3: 169.8 | B3: =ABS(A3-obs!A3) -> 127.25
A4: 157.8 | B4: =ABS(A4-obs!A4) -> 120.8
A5: 152.2 | B5: =ABS(A5-obs!A5) -> 111.5
A6: 148.9 | B6: =ABS(A6-obs!A6) -> 115.6
A7: 105.4 | B7: =ABS(A7-obs!A7) -> 83.299997
A8: 108 | B8: =ABS(A8-obs!A8) -> 45.550003
A9: 105.4 | B9: =ABS(A9-obs!A9) -> 79.6
A10: 100.8 | B10: =ABS(A10-obs!A10) -> 317.30001
A11: 99.17 | B11: =ABS(A11-obs!A11) -> 152.43001
A12: 103.2 | B12: =ABS(A12-obs!A12) -> 66.999997
A13: 126.3 | B13: =ABS(A13-obs!A13) -> 84.599994
... A27: 175.7 | B27: =ABS(A27-obs!A27) -> 107.25

Sheet 05.hydrol2dep1
A1: 300.7 | B1: =ABS(A1-obs!A1) -> 252.6 | C1: =AVERAGE(B:B) -> 178.95926 | D1: =CORREL(A1:A27,obs!A1:A27) -> -0.62323855 | E1: =AVERAGE(A1:A27) -> 235.78889
A2: 276 | B2: =ABS(A2-obs!A2) -> 226.05
A3: 312.7 | B3: =ABS(A3-obs!A3) -> 270.15
A4: 299.2 | B4: =ABS(A4-obs!A4) -> 262.2
A5: 282.8 | B5: =ABS(A5-obs!A5) -> 242.1
A6: 259.6 | B6: =ABS(A6-obs!A6) -> 226.3
A7: 136.7 | B7: =ABS(A7-obs!A7) -> 51.999997
A8: 141.2 | B8: =ABS(A8-obs!A8) -> 12.350003
A9: 134.7 | B9: =ABS(A9-obs!A9) -> 50.3
A10: 134 | B10: =ABS(A10-obs!A10) -> 284.10001
A11: 136.6 | B11: =ABS(A11-obs!A11) -> 115.00001
A12: 144.7 | B12: =ABS(A12-obs!A12) -> 25.499997
A13: 185.5 | B13: =ABS(A13-obs!A13) -> 25.399994
... A27: 281.7 | B27: =ABS(A27-obs!A27) -> 213.25

Sheet 06.hydrol2dep2
A1: 191.8 | B1: =ABS(A1-obs!A1) -> 143.7 | C1: =AVERAGE(B:B) -> 115.81111 | D1: =CORREL(A1:A27,obs!A1:A27) -> 0.15690006 | E1: =AVERAGE(A1:A27) -> 182.03704
A2: 193.8 | B2: =ABS(A2-obs!A2) -> 143.85
A3: 195.5 | B3: =ABS(A3-obs!A3) -> 152.95
A4: 199 | B4: =ABS(A4-obs!A4) -> 162
A5: 201.7 | B5: =ABS(A5-obs!A5) -> 161
A6: 209.2 | B6: =ABS(A6-obs!A6) -> 175.9
A7: 220.3 | B7: =ABS(A7-obs!A7) -> 31.600003
A8: 235.3 | B8: =ABS(A8-obs!A8) -> 81.749997
A9: 215.2 | B9: =ABS(A9-obs!A9) -> 30.2
A10: 207.9 | B10: =ABS(A10-obs!A10) -> 210.20001
A11: 201.7 | B11: =ABS(A11-obs!A11) -> 49.900006
A12: 197.1 | B12: =ABS(A12-obs!A12) -> 26.900003
A13: 194.5 | B13: =ABS(A13-obs!A13) -> 16.399994
... A27: 136.7 | B27: =ABS(A27-obs!A27) -> 68.250003

Sheet 07.hydrol2dep3
A1: 239.7 | B1: =ABS(A1-obs!A1) -> 191.6 | C1: =AVERAGE(B:B) -> 171.67741 | D1: =CORREL(A1:A27,obs!A1:A27) -> -0.70752664 | E1: =AVERAGE(A1:A27) -> 179.0337
A2: 228.8 | B2: =ABS(A2-obs!A2) -> 178.85
A3: 230 | B3: =ABS(A3-obs!A3) -> 187.45
A4: 213.6 | B4: =ABS(A4-obs!A4) -> 176.6
A5: 206.6 | B5: =ABS(A5-obs!A5) -> 165.9
A6: 202.8 | B6: =ABS(A6-obs!A6) -> 169.5
A7: 117.1 | B7: =ABS(A7-obs!A7) -> 71.599997
A8: 127.7 | B8: =ABS(A8-obs!A8) -> 25.850003
A9: 113.7 | B9: =ABS(A9-obs!A9) -> 71.3
A10: 108.7 | B10: =ABS(A10-obs!A10) -> 309.40001
A11: 104.9 | B11: =ABS(A11-obs!A11) -> 146.70001
A12: 103.5 | B12: =ABS(A12-obs!A12) -> 66.699997
A13: 115.2 | B13: =ABS(A13-obs!A13) -> 95.699994
... A27: 270.8 | B27: =ABS(A27-obs!A27) -> 202.35

Sheet 08.hydrol2dep4
A1: 169.3 | B1: =ABS(A1-obs!A1) -> 121.2 | C1: =AVERAGE(B:B) -> 133.33704 | D1: =CORREL(A1:A27,obs!A1:A27) -> -0.6625507 | E1: =AVERAGE(A1:A27) -> 147.04815
A2: 165 | B2: =ABS(A2-obs!A2) -> 115.05
A3: 160.2 | B3: =ABS(A3-obs!A3) -> 117.65
A4: 151.5 | B4: =ABS(A4-obs!A4) -> 114.5
A5: 149.6 | B5: =ABS(A5-obs!A5) -> 108.9
A6: 149.5 | B6: =ABS(A6-obs!A6) -> 116.2
A7: 130.2 | B7: =ABS(A7-obs!A7) -> 58.499997
A8: 136.2 | B8: =ABS(A8-obs!A8) -> 17.350003
A9: 128.8 | B9: =ABS(A9-obs!A9) -> 56.2
A10: 125.3 | B10: =ABS(A10-obs!A10) -> 292.80001
A11: 121.5 | B11: =ABS(A11-obs!A11) -> 130.10001
A12: 117.6 | B12: =ABS(A12-obs!A12) -> 52.599997
A13: 115.6 | B13: =ABS(A13-obs!A13) -> 95.299994
... A27: 198.9 | B27: =ABS(A27-obs!A27) -> 130.45

Sheet Ens
A1: =('01.hydrol1dep1'!A1+'02.hydrol1dep2'!A1+'03.hydrol1dep3'!A1+'04.hydrol1dep4'!A1+'05.hydrol2dep1'!A1+'06.hydrol2dep2'!A1+'07.hydrol2dep3'!A1+'08.hydrol2dep4'!A1)/8 -> 216.225 | B1: =ABS(A1-obs!A1) -> 168.125 | C1: =AVERAGE(B:B) -> 145.34843 | D1: =CORREL(A1:A27,obs!A1:A27) -> -0.67463915 | E1: =AVERAGE(A1:A27) -> 181.30185
A2: =('01.hydrol1dep1'!A2+'02.hydrol1dep2'!A2+'03.hydrol1dep3'!A2+'04.hydrol1dep4'!A2+'05.hydrol2dep1'!A2+'06.hydrol2dep2'!A2+'07.hydrol2dep3'!A2+'08.hydrol2dep4'!A2)/8 -> 208.4375 | B2: =ABS(A2-obs!A2) -> 158.4875
A3: =('01.hydrol1dep1'!A3+'02.hydrol1dep2'!A3+'03.hydrol1dep3'!A3+'04.hydrol1dep4'!A3+'05.hydrol2dep1'!A3+'06.hydrol2dep2'!A3+'07.hydrol2dep3'!A3+'08.hydrol2dep4'!A3)/8 -> 223.5875 | B3: =ABS(A3-obs!A3) -> 181.0375
A4: =('01.hydrol1dep1'!A4+'02.hydrol1dep2'!A4+'03.hydrol1dep3'!A4+'04.hydrol1dep4'!A4+'05.hydrol2dep1'!A4+'06.hydrol2dep2'!A4+'07.hydrol2dep3'!A4+'08.hydrol2dep4'!A4)/8 -> 216.875 | B4: =ABS(A4-obs!A4) -> 179.875
A5: =('01.hydrol1dep1'!A5+'02.hydrol1dep2'!A5+'03.hydrol1dep3'!A5+'04.hydrol1dep4'!A5+'05.hydrol2dep1'!A5+'06.hydrol2dep2'!A5+'07.hydrol2dep3'!A5+'08.hydrol2dep4'!A5)/8 -> 211.6875 | B5: =ABS(A5-obs!A5) -> 170.9875
A6: =('01.hydrol1dep1'!A6+'02.hydrol1dep2'!A6+'03.hydrol1dep3'!A6+'04.hydrol1dep4'!A6+'05.hydrol2dep1'!A6+'06.hydrol2dep2'!A6+'07.hydrol2dep3'!A6+'08.hydrol2dep4'!A6)/8 -> 212.0375 | B6: =ABS(A6-obs!A6) -> 178.7375
A7: =('01.hydrol1dep1'!A7+'02.hydrol1dep2'!A7+'03.hydrol1dep3'!A7+'04.hydrol1dep4'!A7+'05.hydrol2dep1'!A7+'06.hydrol2dep2'!A7+'07.hydrol2dep3'!A7+'08.hydrol2dep4'!A7)/8 -> 136.34125 | B7: =ABS(A7-obs!A7) -> 52.358747
A8: =('01.hydrol1dep1'!A8+'02.hydrol1dep2'!A8+'03.hydrol1dep3'!A8+'04.hydrol1dep4'!A8+'05.hydrol2dep1'!A8+'06.hydrol2dep2'!A8+'07.hydrol2dep3'!A8+'08.hydrol2dep4'!A8)/8 -> 141.97375 | B8: =ABS(A8-obs!A8) -> 11.576253
A9: =('01.hydrol1dep1'!A9+'02.hydrol1dep2'!A9+'03.hydrol1dep3'!A9+'04.hydrol1dep4'!A9+'05.hydrol2dep1'!A9+'06.hydrol2dep2'!A9+'07.hydrol2dep3'!A9+'08.hydrol2dep4'!A9)/8 -> 134.2 | B9: =ABS(A9-obs!A9) -> 50.8
A10: =('01.hydrol1dep1'!A10+'02.hydrol1dep2'!A10+'03.hydrol1dep3'!A10+'04.hydrol1dep4'!A10+'05.hydrol2dep1'!A10+'06.hydrol2dep2'!A10+'07.hydrol2dep3'!A10+'08.hydrol2dep4'!A10)/8 -> 130.95625 | B10: =ABS(A10-obs!A10) -> 287.14376
A11: =('01.hydrol1dep1'!A11+'02.hydrol1dep2'!A11+'03.hydrol1dep3'!A11+'04.hydrol1dep4'!A11+'05.hydrol2dep1'!A11+'06.hydrol2dep2'!A11+'07.hydrol2dep3'!A11+'08.hydrol2dep4'!A11)/8 -> 130.84125 | B11: =ABS(A11-obs!A11) -> 120.75876
A12: =('01.hydrol1dep1'!A12+'02.hydrol1dep2'!A12+'03.hydrol1dep3'!A12+'04.hydrol1dep4'!A12+'05.hydrol2dep1'!A12+'06.hydrol2dep2'!A12+'07.hydrol2dep3'!A12+'08.hydrol2dep4'!A12)/8 -> 135.16875 | B12: =ABS(A12-obs!A12) -> 35.031247
A13: =('01.hydrol1dep1'!A13+'02.hydrol1dep2'!A13+'03.hydrol1dep3'!A13+'04.hydrol1dep4'!A13+'05.hydrol2dep1'!A13+'06.hydrol2dep2'!A13+'07.hydrol2dep3'!A13+'08.hydrol2dep4'!A13)/8 -> 163.1 | B13: =ABS(A13-obs!A13) -> 47.799994
... A27: =('01.hydrol1dep1'!A27+'02.hydrol1dep2'!A27+'03.hydrol1dep3'!A27+'04.hydrol1dep4'!A27+'05.hydrol2dep1'!A27+'06.hydrol2dep2'!A27+'07.hydrol2dep3'!A27+'08.hydrol2dep4'!A27)/8 -> 208 | B27: =ABS(A27-obs!A27) -> 139.55
