Workbook

Sheet Лист1

Sheet obs
A1: 159 | B1: 4 | C1: =AVERAGE(A:A) -> 132.81159
A2: 155.5 | B2: 6
A3: 144 | B3: 8
A4: 107 | B4: 11
A5: 93 | B5: 13
A6: 117 | B6: 17
A7: 117 | B7: 18
A8: 128.5 | B8: 20
A9: 142 | B9: 21
A10: 127 | B10: 22
A11: 119 | B11: 26
A12: 106 | B12: 28
A13: 140 | B13: 30
... A23: 68.666664 | B23: 48

Sheet 01.hydrol1dep1
A1: 232.3 | B1: =ABS(A1-obs!A1) -> 73.3 | C1: =AVERAGE(B:B) -> 56.888406 | D1: =CORREL(A1:A23,obs!A1:A23) -> 0.28673766 | E1: =AVERAGE(A:A) -> 184.94348
A2: 234.7 | B2: =ABS(A2-obs!A2) -> 79.2
A3: 234.3 | B3: =ABS(A3-obs!A3) -> 90.3
A4: 225.9 | B4: =ABS(A4-obs!A4) -> 118.9
A5: 206.7 | B5: =ABS(A5-obs!A5) -> 113.7
A6: 164 | B6: =ABS(A6-obs!A6) -> 47
A7: 154.9 | B7: =ABS(A7-obs!A7) -> 37.9
A8: 145.5 | B8: =ABS(A8-obs!A8) -> 17
A9: 140.7 | B9: =ABS(A9-obs!A9) -> 1.3
A10: 141.4 | B10: =ABS(A10-obs!A10) -> 14.4
A11: 179.4 | B11: =ABS(A11-obs!A11) -> 60.4
A12: 201.6 | B12: =ABS(A12-obs!A12) -> 95.6
A13: 219.8 | B13: =ABS(A13-obs!A13) -> 79.8
... A23: 155.8 | B23: =ABS(A23-obs!A23) -> 87.133336

Sheet 02.hydrol1dep2
A1: 164.1 | B1: =ABS(A1-obs!A1) -> 5.1 | C1: =AVERAGE(B:B) -> 46.546232 | D1: =CORREL(A1:A23,obs!A1:A23) -> 0.17820174 | E1: =AVERAGE(A:A) -> 161.94478
A2: 165.8 | B2: =ABS(A2-obs!A2) -> 10.3
A3: 169.3 | B3: =ABS(A3-obs!A3) -> 25.3
A4: 173.8 | B4: =ABS(A4-obs!A4) -> 66.8
A5: 181.3 | B5: =ABS(A5-obs!A5) -> 88.3
A6: 188.2 | B6: =ABS(A6-obs!A6) -> 71.2
A7: 184.5 | B7: =ABS(A7-obs!A7) -> 67.5
A8: 182.7 | B8: =ABS(A8-obs!A8) -> 54.2
A9: 180.3 | B9: =ABS(A9-obs!A9) -> 38.3
A10: 179.2 | B10: =ABS(A10-obs!A10) -> 52.2
A11: 181.2 | B11: =ABS(A11-obs!A11) -> 62.2
A12: 176 | B12: =ABS(A12-obs!A12) -> 70
A13: 169.9 | B13: =ABS(A13-obs!A13) -> 29.9
... A23: 90.28 | B23: =ABS(A23-obs!A23) -> 21.613336

Sheet 03.hydrol1dep3
A1: 178.2 | B1: =ABS(A1-obs!A1) -> 19.2 | C1: =AVERAGE(B:B) -> 33.071015 | D1: =CORREL(A1:A23,obs!A1:A23) -> 0.26102606 | E1: =AVERAGE(A:A) -> 136.85652
A2: 177.5 | B2: =ABS(A2-obs!A2) -> 22
A3: 177.6 | B3: =ABS(A3-obs!A3) -> 33.6
A4: 170.2 | B4: =ABS(A4-obs!A4) -> 63.2
A5: 153.2 | B5: =ABS(A5-obs!A5) -> 60.2
A6: 120.7 | B6: =ABS(A6-obs!A6) -> 3.7
A7: 112.7 | B7: =ABS(A7-obs!A7) -> 4.3
A8: 106 | B8: =ABS(A8-obs!A8) -> 22.5
A9: 101.7 | B9: =ABS(A9-obs!A9) -> 40.3
A10: 101.3 | B10: =ABS(A10-obs!A10) -> 25.7
A11: 129 | B11: =ABS(A11-obs!A11) -> 10
A12: 143.9 | B12: =ABS(A12-obs!A12) -> 37.9
A13: 157 | B13: =ABS(A13-obs!A13) -> 17
... A23: 135 | B23: =ABS(A23-obs!A23) -> 66.333336

Sheet 04.hydrol1dep4
A1: 129.6 | B1: =ABS(A1-obs!A1) -> 29.4 | C1: =AVERAGE(B:B) -> 30.616232 | D1: =CORREL(A1:A23,obs!A1:A23) -> 0.19941395 | E1: =AVERAGE(A:A) -> 117.28522
A2: 130.4 | B2: =ABS(A2-obs!A2) -> 25.1
A3: 131.6 | B3: =ABS(A3-obs!A3) -> 12.4
A4: 130.2 | B4: =ABS(A4-obs!A4) -> 23.2
A5: 125.6 | B5: =ABS(A5-obs!A5) -> 32.6
A6: 116.1 | B6: =ABS(A6-obs!A6) -> 0.9
A7: 113.3 | B7: =ABS(A7-obs!A7) -> 3.7
A8: 111.2 | B8: =ABS(A8-obs!A8) -> 17.3
A9: 109.6 | B9: =ABS(A9-obs!A9) -> 32.4
A10: 109.3 | B10: =ABS(A10-obs!A10) -> 17.7
A11: 119.3 | B11: =ABS(A11-obs!A11) -> 0.3
A12: 122.8 | B12: =ABS(A12-obs!A12) -> 16.8
A13: 126 | B13: =ABS(A13-obs!A13) -> 14
... A23: 103.1 | B23: =ABS(A23-obs!A23) -> 34.433336

Sheet 05.hydrol2dep1
A1: 226.5 | B1: =ABS(A1-obs!A1) -> 67.5 | C1: =AVERAGE(B:B) -> 74.718841 | D1: =CORREL(A1:A23,obs!A1:A23) -> -0.055664113 | E1: =AVERAGE(A:A) -> 201.86087
A2: 223.7 | B2: =ABS(A2-obs!A2) -> 68.2
A3: 217.3 | B3: =ABS(A3-obs!A3) -> 73.3
A4: 221.8 | B4: =ABS(A4-obs!A4) -> 114.8
A5: 210 | B5: =ABS(A5-obs!A5) -> 117
A6: 199.5 | B6: =ABS(A6-obs!A6) -> 82.5
A7: 189.4 | B7: =ABS(A7-obs!A7) -> 72.4
A8: 189.7 | B8: =ABS(A8-obs!A8) -> 61.2
A9: 184.7 | B9: =ABS(A9-obs!A9) -> 42.7
A10: 182.7 | B10: =ABS(A10-obs!A10) -> 55.7
A11: 180.7 | B11: =ABS(A11-obs!A11) -> 61.7
A12: 191.8 | B12: =ABS(A12-obs!A12) -> 85.8
A13: 199.6 | B13: =ABS(A13-obs!A13) -> 59.6
... A23: 233.8 | B23: =ABS(A23-obs!A23) -> 165.13334

Sheet 06.hydrol2dep2
A1: 161.4 | B1: =ABS(A1-obs!A1) -> 2.4 | C1: =AVERAGE(B:B) -> 49.466667 | D1: =CORREL(A1:A23,obs!A1:A23) -> 0.016255697 | E1: =AVERAGE(A:A) -> 174.37391
A2: 161.6 | B2: =ABS(A2-obs!A2) -> 6.1
A3: 165 | B3: =ABS(A3-obs!A3) -> 21
A4: 166.3 | B4: =ABS(A4-obs!A4) -> 59.3
A5: 174.1 | B5: =ABS(A5-obs!A5) -> 81.1
A6: 181.5 | B6: =ABS(A6-obs!A6) -> 64.5
A7: 187.6 | B7: =ABS(A7-obs!A7) -> 70.6
A8: 187.9 | B8: =ABS(A8-obs!A8) -> 59.4
A9: 191.1 | B9: =ABS(A9-obs!A9) -> 49.1
A10: 192.2 | B10: =ABS(A10-obs!A10) -> 65.2
A11: 189.4 | B11: =ABS(A11-obs!A11) -> 70.4
A12: 181 | B12: =ABS(A12-obs!A12) -> 75
A13: 173 | B13: =ABS(A13-obs!A13) -> 33
... A23: 147.9 | B23: =ABS(A23-obs!A23) -> 79.233336

Sheet 07.hydrol2dep3
A1: 164.5 | B1: =ABS(A1-obs!A1) -> 5.5 | C1: =AVERAGE(B:B) -> 36.523189 | D1: =CORREL(A1:A23,obs!A1:A23) -> -0.16423066 | E1: =AVERAGE(A:A) -> 153.93478
A2: 163 | B2: =ABS(A2-obs!A2) -> 7.5
A3: 159.7 | B3: =ABS(A3-obs!A3) -> 15.7
A4: 162.2 | B4: =ABS(A4-obs!A4) -> 55.2
A5: 156.4 | B5: =ABS(A5-obs!A5) -> 63.4
A6: 150.9 | B6: =ABS(A6-obs!A6) -> 33.9
A7: 146 | B7: =ABS(A7-obs!A7) -> 29
A8: 146.3 | B8: =ABS(A8-obs!A8) -> 17.8
A9: 143.9 | B9: =ABS(A9-obs!A9) -> 1.9
A10: 143 | B10: =ABS(A10-obs!A10) -> 16
A11: 142.3 | B11: =ABS(A11-obs!A11) -> 23.3
A12: 147.4 | B12: =ABS(A12-obs!A12) -> 41.4
A13: 151.2 | B13: =ABS(A13-obs!A13) -> 11.2
... A23: 181.4 | B23: =ABS(A23-obs!A23) -> 112.73334

Sheet 08.hydrol2dep4
A1: 131 | B1: =ABS(A1-obs!A1) -> 28 | C1: =AVERAGE(B:B) -> 28.453623 | D1: =CORREL(A1:A23,obs!A1:A23) -> -0.24859902 | E1: =AVERAGE(A:A) -> 129.33478
A2: 130.7 | B2: =ABS(A2-obs!A2) -> 24.8
A3: 130.1 | B3: =ABS(A3-obs!A3) -> 13.9
A4: 130.5 | B4: =ABS(A4-obs!A4) -> 23.5
A5: 129.1 | B5: =ABS(A5-obs!A5) -> 36.1
A6: 126.9 | B6: =ABS(A6-obs!A6) -> 9.9
A7: 125.5 | B7: =ABS(A7-obs!A7) -> 8.5
A8: 125.4 | B8: =ABS(A8-obs!A8) -> 3.1
A9: 124.7 | B9: =ABS(A9-obs!A9) -> 17.3
A10: 124.5 | B10: =ABS(A10-obs!A10) -> 2.5
A11: 126.1 | B11: =ABS(A11-obs!A11) -> 7.1
A12: 127.5 | B12: =ABS(A12-obs!A12) -> 21.5
A13: 128.6 | B13: =ABS(A13-obs!A13) -> 11.4
... A23: 142.9 | B23: =ABS(A23-obs!A23) -> 74.233336

Sheet Ens
A1: 177.93333 | B1: =ABS(A1-obs!A1) -> 18.933334 | C1: =AVERAGE(B:B) -> 41.507593 | D1: =CORREL(A1:A23,obs!A1:A23) -> 0.13035558 | E1: =AVERAGE(A:A) -> 162.45433 | F1: =E1-AVERAGE(obs!A:A) -> 29.642737
A2: 176.72917 | B2: =ABS(A2-obs!A2) -> 21.229172
A3: 175.65834 | B3: =ABS(A3-obs!A3) -> 31.65834
A4: 174.85834 | B4: =ABS(A4-obs!A4) -> 67.858337
A5: 166.78751 | B5: =ABS(A5-obs!A5) -> 73.787506
A6: 157.8 | B6: =ABS(A6-obs!A6) -> 40.800003
A7: 153.60834 | B7: =ABS(A7-obs!A7) -> 36.608337
A8: 152.425 | B8: =ABS(A8-obs!A8) -> 23.925003
A9: 150.44583 | B9: =ABS(A9-obs!A9) -> 8.4458313
A10: 149.80833 | B10: =ABS(A10-obs!A10) -> 22.808334
A11: 155.45833 | B11: =ABS(A11-obs!A11) -> 36.458328
A12: 161.70833 | B12: =ABS(A12-obs!A12) -> 55.708328
A13: 165.78334 | B13: =ABS(A13-obs!A13) -> 25.78334
... A23: 170.00751 | B23: =ABS(A23-obs!A23) -> 101.34084

Sheet 09.hydrol3dep1
A1: 240.2
A2: 236.5
A3: 233.2
A4: 233
A5: 211.3
A6: 188.8
A7: 177
A8: 173.7
A9: 168.1
A10: 165.4
A11: 169.5
A12: 194.2
... A23: 246.7

Sheet 10.hydrol3dep2
A1: 163
A2: 162.1
A3: 164.7
A4: 168
A5: 175.2
A6: 184.9
A7: 190.3
A8: 192.5
A9: 195.2
A10: 196.2
A11: 186.3
A12: 175.8
... A23: 149.2

Sheet 11.hydrol3dep3
A1: 174.5
A2: 171.9
A3: 170.3
A4: 171.3
A5: 158.2
A6: 145.1
A7: 138.6
A8: 137
A9: 134
A10: 132.5
A11: 133
A12: 147.1
... A23: 189.3

Sheet 12.hydrol3dep4
A1: 133.8
A2: 133
A3: 132.7
A4: 133.3
A5: 129.6
A6: 125.4
A7: 123.6
A8: 123.3
A9: 122.6
A10: 122.2
A11: 123.5
A12: 127.3
... A23: 144.2

Sheet 13.hydrol4dep1
A1: 244.4
A2: 241.3
A3: 234.8
A4: 230.2
A5: 212.2
A6: 189.3
A7: 176
A8: 168.1
A9: 161.6
A10: 160
A11: 173.2
A12: 182.8
... A23: 246.9

Sheet 14.hydrol4dep2
A1: 156.3
A2: 155.8
A3: 159.4
A4: 165
A5: 174.2
A6: 188.5
A7: 195
A8: 199.1
A9: 202
A10: 202.2
A11: 191.3
A12: 182.5
... A23: 141.4

Sheet 15.hydrol4dep3
A1: 175.4
A2: 173.2
A3: 170.2
A4: 168.9
A5: 158.9
A6: 146.5
A7: 139.1
A8: 134.8
A9: 131.1
A10: 130.1
A11: 136.9
A12: 140.9
... A23: 188.9

Sheet 16.hydrol4dep4
A1: 133.5
A2: 132.9
A3: 132.3
A4: 132.2
A5: 129.4
A6: 125.7
A7: 124
A8: 123.2
A9: 122.4
A10: 122.2
A11: 124.5
A12: 125.7
... A23: 144.3

Sheet 17.hydrol5dep1
A1: 234.1
A2: 229.9
A3: 223.1
A4: 223.3
A5: 213.4
A6: 203.7
A7: 191.7
A8: 192.7
A9: 185.9
A10: 182.6
A11: 173.3
A12: 177.9
... A23: 237.1

Sheet 18.hydrol5dep2
A1: 151.2
A2: 151.3
A3: 157.5
A4: 162.4
A5: 171
A6: 180.5
A7: 191.8
A8: 191.3
A9: 198
A10: 200.8
A11: 200.7
A12: 191.2
... A23: 135.5

Sheet 19.hydrol5dep3
A1: 164.7
A2: 162
A3: 159.4
A4: 162
A5: 158.8
A6: 155.5
A7: 151.4
A8: 151.8
A9: 149.5
A10: 148.4
A11: 143.7
A12: 142.9
... A23: 169.3

Sheet 20.hydrol5dep4
A1: 129.2
A2: 128.7
A3: 128.4
A4: 129.6
A5: 129.3
A6: 128.2
A7: 127.5
A8: 127.5
A9: 127.3
A10: 127.3
A11: 128.1
A12: 127.9
... A23: 137.6

Sheet 21.hydrol6dep1
A1: 244.2
A2: 243.7
A3: 238.3
A4: 226.6
A5: 195.4
A6: 170.2
A7: 158.2
A8: 158.2
A9: 153.2
A10: 151.7
A11: 179
A12: 206.3
... A23: 253.3

Sheet 22.hydrol6dep2
A1: 184.4
A2: 182.2
A3: 183.9
A4: 184.5
A5: 179.1
A6: 176.1
A7: 172.4
A8: 173.7
A9: 172.1
A10: 171.1
A11: 174.8
A12: 178.7
... A23: 158.5

Sheet 23.hydrol6dep3
A1: 205.8
A2: 202.7
A3: 197.7
A4: 185.1
A5: 145.2
A6: 117
A7: 106.2
A8: 106.5
A9: 102.4
A10: 101
A11: 126.7
A12: 157.5
... A23: 197.9

Sheet 24.hydrol6dep4
A1: 148.1
A2: 146.9
A3: 145
A4: 140.3
A5: 125.3
A6: 114
A7: 109.9
A8: 110.1
A9: 108.6
A10: 108.1
A11: 119.1
A12: 130.3
... A23: 149.9
