Workbook

Sheet stations
A1: =Sheet1!F2 -> 30.424667 | B1: =Sheet1!G2 -> 40.816167 | C1: =Sheet1!A2 -> 1986.75.s10
A2: =Sheet1!F3 -> 29.319667 | B2: =Sheet1!G3 -> 41.408167 | C2: =Sheet1!A3 -> 1986.75.s24
A3: =Sheet1!F4 -> 30.437833 | B3: =Sheet1!G4 -> 41.808167 | C3: =Sheet1!A4 -> 1987.5.s10
A4: =Sheet1!F5 -> 29.291667 | B4: =Sheet1!G5 -> 41.416667 | C4: =Sheet1!A5 -> 1987.5.s24
A5: =Sheet1!F6 -> 30.350667 | B5: =Sheet1!G6 -> 41.841667 | C5: =Sheet1!A6 -> 1988.5.s10
A6: =Sheet1!F7 -> 31.3 | B6: =Sheet1!G7 -> 42.160333 | C6: =Sheet1!A7 -> 1988.5.s09
A7: =Sheet1!F8 -> 40.741167 | B7: =Sheet1!G8 -> 41.504667 | C7: =Sheet1!A8 -> 1988.5.s19
A8: =Sheet1!F9 -> 30.75 | B8: =Sheet1!G9 -> 42.5 | C8: =Sheet1!A9 -> 2007.5

Sheet Sheet1
A1: StNum | B1: Lon-deg | C1: Lon-minut | D1: Lat-deg | E1: Lat-min | F1: Lon | G1: Lat
A2: 1986.75.s10 | B2: 30 | C2: 25.48 | D2: 40 | E2: 48.97 | F2: =B2+C2/60 -> 30.424667 | G2: =D2+E2/60 -> 40.816167
A3: 1986.75.s24 | B3: 29 | C3: 19.18 | D3: 41 | E3: 24.49 | F3: =B3+C3/60 -> 29.319667 | G3: =D3+E3/60 -> 41.408167
A4: 1987.5.s10 | B4: 30 | C4: 26.27 | D4: 41 | E4: 48.49 | F4: =B4+C4/60 -> 30.437833 | G4: =D4+E4/60 -> 41.808167
A5: 1987.5.s24 | B5: 29 | C5: 17.5 | D5: 41 | E5: 25 | F5: =B5+C5/60 -> 29.291667 | G5: =D5+E5/60 -> 41.416667
A6: 1988.5.s10 | B6: 30 | C6: 21.04 | D6: 41 | E6: 50.5 | F6: =B6+C6/60 -> 30.350667 | G6: =D6+E6/60 -> 41.841667
A7: 1988.5.s09 | B7: 31 | C7: 18 | D7: 42 | E7: 9.62 | F7: =B7+C7/60 -> 31.3 | G7: =D7+E7/60 -> 42.160333
A8: 1988.5.s19 | B8: 40 | C8: 44.47 | D8: 41 | E8: 30.28 | F8: =B8+C8/60 -> 40.741167 | G8: =D8+E8/60 -> 41.504667
A9: 2007.5 | B9: 30 | C9: 45 | D9: 42 | E9: 30 | F9: =B9+C9/60 -> 30.75 | G9: =D9+E9/60 -> 42.5
